t_start,t_end,text_present
0.0,0.25,0
0.25,0.75,0
0.75,1.25,0
1.25,1.75,0
1.75,2.25,0
2.25,2.75,0
2.75,3.25,0
3.25,3.75,0
3.75,4.25,0
4.25,4.75,0
4.75,5.25,0
5.26,5.76,1
5.76,6.26,0
6.26,6.76,0
6.76,7.26,0
7.26,7.76,0
7.76,8.26,0
8.26,8.76,0
8.76,9.26,1
9.26,9.76,1
9.76,10.26,0
10.26,10.76,0
10.76,11.26,0
11.26,11.76,0
11.76,12.26,0
12.26,12.76,0
12.76,13.26,0
13.26,13.76,1
13.76,14.26,1
14.26,14.76,1
14.77,15.27,0
15.27,15.77,0
15.77,16.27,0
16.27,16.77,0
16.77,17.27,0
17.27,17.77,1
17.77,18.27,1
18.27,18.77,1
18.77,19.27,1
19.27,19.77,1
19.77,20.27,1
20.27,20.77,1
20.77,21.27,1
21.27,21.77,1
21.77,22.27,1
22.27,22.77,1
22.77,23.27,1
23.27,23.77,1
23.77,24.27,1
24.27,24.77,0
24.77,25.27,0
25.28,25.78,0
25.78,26.28,1
26.28,26.78,1
26.78,27.28,1
27.28,27.78,1
27.78,28.28,1
28.28,28.78,1
28.78,29.28,1
29.28,29.78,1
29.78,30.28,1
30.28,30.78,1
30.78,31.28,1
31.28,31.78,1
31.78,32.28,1
32.28,32.78,1
32.78,33.28,1
33.28,33.78,1
33.78,34.28,1
34.28,34.78,1
34.78,35.28,1
35.29,35.79,1
35.79,36.29,1
36.29,36.79,1
36.79,37.29,1
37.29,37.79,1
37.79,38.29,1
38.29,38.79,1
38.79,39.29,1
39.29,39.79,1
39.79,40.29,1
40.29,40.79,1
40.79,41.29,1
41.29,41.79,1
41.79,42.29,1
42.29,42.79,0
42.79,43.29,1
43.29,43.79,1
43.79,44.29,1
44.29,44.79,1
44.8,45.3,1
45.3,45.8,1
45.8,46.3,1
46.3,46.8,1
46.8,47.3,1
47.3,47.8,1
47.8,48.3,1
48.3,48.8,0
48.8,49.3,0
49.3,49.8,1
49.8,50.3,1
50.3,50.8,1
50.8,51.3,1
51.3,51.8,1
51.8,52.3,1
52.3,52.8,1
52.8,53.3,0
53.3,53.8,0
53.8,54.3,1
54.3,54.8,1
54.8,55.3,1
55.31,55.81,1
55.81,56.31,1
56.31,56.81,0
56.81,57.31,1
57.31,57.81,1
57.81,58.31,1
58.31,58.81,1
58.81,59.31,1
59.31,59.81,1
59.81,60.31,0
60.31,60.81,0
60.81,61.31,0
61.31,61.81,0
61.81,62.31,0
62.31,62.81,0
62.81,63.31,0
63.31,63.81,0
63.81,64.31,0
64.31,64.81,0
64.81,65.31,0
65.32,65.82,0
65.82,66.32,0
66.32,66.82,0
66.82,67.32,0
67.32,67.82,0
67.82,68.32,0
68.32,68.82,0
68.82,69.32,0
69.32,69.82,0
69.82,70.32,0
70.32,70.82,0
70.82,71.32,0
71.32,71.82,0
71.82,72.32,0
72.32,72.82,0
72.82,73.32,0
73.32,73.82,0
73.82,74.32,0
74.32,74.82,0
74.83,75.33,0
75.33,75.83,0
75.83,76.33,0
76.33,76.83,0
76.83,77.33,0
77.33,77.83,0
77.83,78.33,0
78.33,78.83,0
78.83,79.33,0
79.33,79.83,0
79.83,80.33,0
